"from","to","Correlation","p_value","fdr","environment_id","cytokine_id"
"dNO2","IL17A",1,0.0166666666666667,1.77815125038364,"dNO2","IL17A"
"dNO2","MCP3",1,0.0166666666666667,1.77815125038364,"dNO2","MCP3"
"dSO2","IL1B",0.948683298050514,0.0138468329888591,1.85864954593104,"dSO2","IL1B"
"dSO2","IL17A",0.948683298050514,0.0138468329888591,1.85864954593104,"dSO2","IL17A"
"dSO2","GROA",0.948683298050514,0.0138468329888591,1.85864954593104,"dSO2","GROA"
"dSO2","MCP3",0.948683298050514,0.0138468329888591,1.85864954593104,"dSO2","MCP3"
"X_Mean_Wind_SpeedKm.h","IL8",-1,0.0166666666666667,1.77815125038364,"X_Mean_Wind_SpeedKm.h","IL8"
"X_Mean_Wind_SpeedKm.h","GMCSF",-1,0.0166666666666667,1.77815125038364,"X_Mean_Wind_SpeedKm.h","GMCSF"
