"from","to","Correlation","p_value","fdr"
"exposome_genus_Capronia","BASOS._ABS",-0.917662935482247,0.0280084560101462,1.55271083136763
"exposome_genus_Kalmanozyma","BASOS._ABS",-0.917662935482247,0.0280084560101462,1.55271083136763
"exposome_genus_Muricauda","BASOS._ABS",-0.917662935482247,0.0280084560101462,1.55271083136763
"exposome_genus_Pseudobacteroides","BASOS._ABS",-0.917662935482247,0.0280084560101462,1.55271083136763
"exposome_genus_Rothia","BASOS._ABS",-0.917662935482247,0.0280084560101462,1.55271083136763
